Name,Description,Price
Widget 1,Standard widget 1,10.99
Widget 2,Standard widget 2,11.99
Widget 3,Standard widget 3,12.99
Widget 4,Standard widget 4,13.99
Widget 5,Standard widget 5,14.99
Widget 6,Standard widget 6,15.99
Widget 7,Standard widget 7,16.99
Widget 8,Standard widget 8,17.99
Widget 9,Standard widget 9,18.99
Widget 10,Standard widget 10,19.99
Widget 11,Standard widget 11,20.99
Widget 12,Standard widget 12,21.99
Widget 13,Standard widget 13,22.99
Widget 14,Standard widget 14,23.99
Widget 15,Standard widget 15,24.99
Widget 16,Standard widget 16,25.99
Widget 17,Standard widget 17,26.99
Widget 18,Standard widget 18,27.99
Widget 19,Standard widget 19,28.99
Widget 20,Standard widget 20,29.99
Widget 21,Standard widget 21,30.99
Widget 22,Standard widget 22,31.99
Widget 23,Standard widget 23,32.99
Widget 24,Standard widget 24,33.99
Widget 25,Standard widget 25,34.99
Widget 26,Standard widget 26,35.99
Widget 27,Standard widget 27,36.99
Widget 28,Standard widget 28,37.99
Widget 29,Standard widget 29,38.99
Widget 30,Standard widget 30,39.99
Widget 31,Standard widget 31,40.99
Widget 32,Standard widget 32,41.99
Widget 33,Standard widget 33,42.99
Widget 34,Standard widget 34,43.99
Widget 35,Standard widget 35,44.99
Widget 36,Standard widget 36,45.99
Widget 37,Standard widget 37,46.99
Widget 38,Standard widget 38,47.99
Widget 39,Standard widget 39,48.99
Widget 40,Standard widget 40,49.99
Widget 41,Standard widget 41,50.99
Widget 42,Standard widget 42,51.99
Widget 43,Standard widget 43,52.99
Widget 44,Standard widget 44,53.99
Widget 45,Standard widget 45,54.99
Widget 46,Standard widget 46,55.99
Widget 47,Standard widget 47,56.99
Widget 48,Standard widget 48,57.99
Widget 49,Standard widget 49,58.99
Widget 50,Standard widget 50,59.99
Widget 51,Standard widget 51,60.99
Widget 52,Standard widget 52,61.99
Widget 53,Standard widget 53,62.99
Widget 54,Standard widget 54,63.99
Widget 55,Standard widget 55,64.99
Widget 56,Standard widget 56,65.99
Widget 57,Standard widget 57,66.99
Widget 58,Standard widget 58,67.99
Widget 59,Standard widget 59,68.99
Widget 60,Standard widget 60,69.99
Widget 61,Standard widget 61,70.99
Widget 62,Standard widget 62,71.99
Widget 63,Standard widget 63,72.99
Widget 64,Standard widget 64,73.99
Widget 65,Standard widget 65,74.99
Widget 66,Standard widget 66,75.99
Widget 67,Standard widget 67,76.99
Widget 68,Standard widget 68,77.99
Widget 69,Standard widget 69,78.99
Widget 70,Standard widget 70,79.99
Widget 71,Standard widget 71,80.99
Widget 72,Standard widget 72,81.99
Widget 73,Standard widget 73,82.99
Widget 74,Standard widget 74,83.99
Widget 75,Standard widget 75,84.99
Widget 76,Standard widget 76,85.99
Widget 77,Standard widget 77,86.99
Widget 78,Standard widget 78,87.99
Widget 79,Standard widget 79,88.99
Widget 80,Standard widget 80,89.99
Widget 81,Standard widget 81,90.99
Widget 82,Standard widget 82,91.99
Widget 83,Standard widget 83,92.99
Widget 84,Standard widget 84,93.99
Widget 85,Standard widget 85,94.99
Widget 86,Standard widget 86,95.99
Widget 87,Standard widget 87,96.99
Widget 88,Standard widget 88,97.99
Widget 89,Standard widget 89,98.99
Widget 90,Standard widget 90,99.99
Widget 91,Standard widget 91,100.99
Widget 92,Standard widget 92,101.99
Widget 93,Standard widget 93,102.99
Widget 94,Standard widget 94,103.99
Widget 95,Standard widget 95,104.99
Widget 96,Standard widget 96,105.99
Widget 97,Standard widget 97,106.99
Widget 98,Standard widget 98,107.99
Widget 99,Standard widget 99,108.99
Widget 100,Standard widget 100,109.99
