id,name,amount
1,John Doe,100.50
2,Jane Smith,200.00
3,Bob Lee,150.75
4,Alice Brown,120.00
5,Charlie Black,180.25
6,Emily White,210.10
7,Frank Green,95.00
8,Grace Blue,130.60
9,Hank Red,175.80
10,Ivy Yellow,160.00
11,Jack Purple,140.45
12,Kate Orange,155.55
13,Liam Gray,170.00
14,Mia Silver,185.75
15,Noah Gold,190.20
16,Olivia Bronze,200.00
17,Paul Indigo,110.10
18,Quinn Violet,125.00
19,Ruby Pink,135.35
20,Sam Teal,145.45
21,Tina Lime,155.55
22,Uma Navy,165.65
23,Vic Olive,175.75
24,Walt Cyan,185.85
25,Xena Magenta,195.95
26,Yuri Peach,205.05
27,Zane Mint,215.15
28,Anna Plum,225.25
29,Ben Jade,235.35
30,Cara Rose,245.45
31,Dean Sky,255.55
32,Eve Moss,265.65
33,Finn Ash,275.75
34,Gina Snow,285.85
35,Hugo Coal,295.95
36,Ian Rust,305.05
37,Jill Fern,315.15
38,Kyle Leaf,325.25
39,Lisa Pine,335.35
40,Mark Oak,345.45
41,Nina Elm,355.55
42,Omar Birch,365.65
43,Pam Cedar,375.75
44,Quin Palm,385.85
45,Rae Maple,395.95
46,Sean Spruce,405.05
47,Tess Willow,415.15
48,Uma Hazel,425.25
49,Vera Alder,435.35
50,Wes Aspen,445.45
51,Xim Beech,455.55
52,Yas Elm,465.65
53,Zed Fir,475.75
54,Abby Holly,485.85
55,Bill Ivy,495.95
56,Cleo Juniper,505.05
57,Drew Larch,515.15
58,Ella Mahogany,525.25
59,Fay Nutmeg,535.35
60,Gus Olive,545.45
61,Hope Palm,555.55
62,Iris Quince,565.65
63,Jace Rowan,575.75
64,Kira Sycamore,585.85
65,Leo Tamarind,595.95
66,Mona Umber,605.05
67,Ned Violet,615.15
68,Opal Walnut,625.25
69,Pete Xerus,635.35
70,Quinn Yew,645.45
71,Rick Zelkova,655.55
72,Sara Acacia,665.65
73,Ted Bamboo,675.75
74,Ula Cedar,685.85
75,Vic Dogwood,695.95
76,Walt Elder,705.05
77,Xena Fig,715.15
78,Yuri Gum,725.25
79,Zane Hickory,735.35
80,Anna Ironwood,745.45
81,Ben Jacaranda,755.55
82,Cara Kapok,765.65
83,Dean Linden,775.75
84,Eve Maple,785.85
85,Finn Nutmeg,795.95
86,Gina Oak,805.05
87,Hugo Pine,815.15
88,Ian Quince,825.25
89,Jill Rowan,835.35
90,Kyle Spruce,845.45
91,Lisa Tamarind,855.55
92,Mark Umber,865.65
93,Nina Violet,875.75
94,Omar Walnut,885.85
95,Pam Xerus,895.95
96,Quin Yew,905.05
97,Rae Zelkova,915.15
98,Sean Acacia,925.25
99,Tess Bamboo,935.35
100,Uma Cedar,945.45
